timestamp,site_id,shortwave_radiation,wind_speed_100m,cloud_cover,weather_code
2026-10-08T00:00,S1,0.0,,0.0,0
2026-10-08T00:15,S1,0.0,,0.0,0
2026-10-08T00:30,S1,0.0,,0.0,0
2026-10-08T00:45,S1,0.0,,0.0,0
2026-10-08T01:00,S1,0.0,,0.0,0
2026-10-08T01:15,S1,0.0,,0.0,0
2026-10-08T01:30,S1,0.0,,0.0,0
2026-10-08T01:45,S1,0.0,,0.0,0
2026-10-08T02:00,S1,0.0,,0.0,0
2026-10-08T02:15,S1,0.0,,0.0,0
2026-10-08T02:30,S1,0.0,,0.0,0
2026-10-08T02:45,S1,0.0,,0.0,0
2026-10-08T03:00,S1,0.0,,0.0,0
2026-10-08T03:15,S1,0.0,,0.0,0
2026-10-08T03:30,S1,0.0,,0.0,0
2026-10-08T03:45,S1,0.0,,0.0,0
2026-10-08T04:00,S1,0.0,,0.0,0
2026-10-08T04:15,S1,0.0,,0.0,0
2026-10-08T04:30,S1,0.0,,0.0,0
2026-10-08T04:45,S1,0.0,,0.0,0
2026-10-08T05:00,S1,0.0,,0.0,0
2026-10-08T05:15,S1,0.0,,0.0,0
2026-10-08T05:30,S1,0.0,,0.0,0
2026-10-08T05:45,S1,0.0,,0.0,0
2026-10-08T06:00,S1,0.0,,0.0,0
2026-10-08T06:15,S1,0.0,,0.0,0
2026-10-08T06:30,S1,0.0,,0.0,0
2026-10-08T06:45,S1,1.0,,0.0,0
2026-10-08T07:00,S1,20.0,,0.0,0
2026-10-08T07:15,S1,51.0,,0.0,0
2026-10-08T07:30,S1,87.0,,0.0,0
2026-10-08T07:45,S1,131.0,,0.0,0
2026-10-08T08:00,S1,180.0,,0.0,0
2026-10-08T08:15,S1,230.0,,0.0,0
2026-10-08T08:30,S1,281.0,,0.0,0
2026-10-08T08:45,S1,333.0,,0.0,0
2026-10-08T09:00,S1,385.0,,0.0,0
2026-10-08T09:15,S1,435.0,,0.0,0
2026-10-08T09:30,S1,484.0,,0.0,0
2026-10-08T09:45,S1,529.0,,0.0,0
2026-10-08T10:00,S1,573.0,,0.0,0
2026-10-08T10:15,S1,614.0,,0.0,0
2026-10-08T10:30,S1,652.0,,0.0,0
2026-10-08T10:45,S1,687.0,,0.0,0
2026-10-08T11:00,S1,718.0,,0.0,0
2026-10-08T11:15,S1,745.0,,0.0,0
2026-10-08T11:30,S1,768.0,,0.0,0
2026-10-08T11:45,S1,786.0,,0.0,0
2026-10-08T12:00,S1,800.0,,0.0,0
2026-10-08T12:15,S1,809.0,,0.0,0
2026-10-08T12:30,S1,814.0,,0.0,0
2026-10-08T12:45,S1,814.0,,0.0,0
2026-10-08T13:00,S1,809.0,,0.0,0
2026-10-08T13:15,S1,800.0,,0.0,0
2026-10-08T13:30,S1,787.0,,0.0,0
2026-10-08T13:45,S1,770.0,,0.0,0
2026-10-08T14:00,S1,748.0,,0.0,0
2026-10-08T14:15,S1,722.0,,0.0,0
2026-10-08T14:30,S1,692.0,,0.0,0
2026-10-08T14:45,S1,658.0,,0.0,0
2026-10-08T15:00,S1,621.0,,0.0,0
2026-10-08T15:15,S1,580.0,,0.0,0
2026-10-08T15:30,S1,536.0,,0.0,0
2026-10-08T15:45,S1,490.0,,0.0,0
2026-10-08T16:00,S1,441.0,,0.0,0
2026-10-08T16:15,S1,389.0,,0.0,0
2026-10-08T16:30,S1,336.0,,0.0,0
2026-10-08T16:45,S1,283.0,,0.0,0
2026-10-08T17:00,S1,231.0,,0.0,0
2026-10-08T17:15,S1,180.0,,0.0,0
2026-10-08T17:30,S1,131.0,,0.0,0
2026-10-08T17:45,S1,87.0,,0.0,0
2026-10-08T18:00,S1,50.0,,0.0,0
2026-10-08T18:15,S1,18.0,,0.0,0
2026-10-08T18:30,S1,0.0,,0.0,0
2026-10-08T18:45,S1,0.0,,0.0,0
2026-10-08T19:00,S1,0.0,,0.0,0
2026-10-08T19:15,S1,0.0,,0.0,0
2026-10-08T19:30,S1,0.0,,0.0,0
2026-10-08T19:45,S1,0.0,,0.0,0
2026-10-08T20:00,S1,0.0,,0.0,0
2026-10-08T20:15,S1,0.0,,0.0,0
2026-10-08T20:30,S1,0.0,,0.0,0
2026-10-08T20:45,S1,0.0,,0.0,0
2026-10-08T21:00,S1,0.0,,0.0,0
2026-10-08T21:15,S1,0.0,,0.0,0
2026-10-08T21:30,S1,0.0,,0.0,0
2026-10-08T21:45,S1,0.0,,0.0,0
2026-10-08T22:00,S1,0.0,,0.0,0
2026-10-08T22:15,S1,0.0,,0.0,0
2026-10-08T22:30,S1,0.0,,0.0,0
2026-10-08T22:45,S1,0.0,,0.0,0
2026-10-08T23:00,S1,0.0,,0.0,0
2026-10-08T23:15,S1,0.0,,0.0,0
2026-10-08T23:30,S1,0.0,,0.0,0
2026-10-08T23:45,S1,0.0,,0.0,0
2026-10-08T00:00,S2,0.0,,0.0,0
2026-10-08T00:15,S2,0.0,,0.0,0
2026-10-08T00:30,S2,0.0,,0.0,0
2026-10-08T00:45,S2,0.0,,0.0,0
2026-10-08T01:00,S2,0.0,,0.0,0
2026-10-08T01:15,S2,0.0,,0.0,0
2026-10-08T01:30,S2,0.0,,0.0,0
2026-10-08T01:45,S2,0.0,,0.0,0
2026-10-08T02:00,S2,0.0,,0.0,0
2026-10-08T02:15,S2,0.0,,0.0,0
2026-10-08T02:30,S2,0.0,,0.0,0
2026-10-08T02:45,S2,0.0,,0.0,0
2026-10-08T03:00,S2,0.0,,0.0,0
2026-10-08T03:15,S2,0.0,,0.0,0
2026-10-08T03:30,S2,0.0,,0.0,0
2026-10-08T03:45,S2,0.0,,0.0,0
2026-10-08T04:00,S2,0.0,,0.0,0
2026-10-08T04:15,S2,0.0,,0.0,0
2026-10-08T04:30,S2,0.0,,0.0,0
2026-10-08T04:45,S2,0.0,,0.0,0
2026-10-08T05:00,S2,0.0,,0.0,0
2026-10-08T05:15,S2,0.0,,0.0,0
2026-10-08T05:30,S2,0.0,,0.0,0
2026-10-08T05:45,S2,0.0,,0.0,0
2026-10-08T06:00,S2,0.0,,0.0,0
2026-10-08T06:15,S2,0.0,,0.0,0
2026-10-08T06:30,S2,0.0,,0.0,0
2026-10-08T06:45,S2,4.0,,0.0,0
2026-10-08T07:00,S2,30.0,,0.0,0
2026-10-08T07:15,S2,62.0,,0.0,0
2026-10-08T07:30,S2,101.0,,0.0,0
2026-10-08T07:45,S2,147.0,,0.0,0
2026-10-08T08:00,S2,198.0,,0.0,0
2026-10-08T08:15,S2,250.0,,0.0,0
2026-10-08T08:30,S2,302.0,,0.0,0
2026-10-08T08:45,S2,355.0,,0.0,0
2026-10-08T09:00,S2,408.0,,0.0,0
2026-10-08T09:15,S2,460.0,,0.0,0
2026-10-08T09:30,S2,509.0,,0.0,0
2026-10-08T09:45,S2,555.0,,0.0,0
2026-10-08T10:00,S2,599.0,,0.0,0
2026-10-08T10:15,S2,640.0,,0.0,0
2026-10-08T10:30,S2,677.0,,0.0,0
2026-10-08T10:45,S2,711.0,,0.0,0
2026-10-08T11:00,S2,741.0,,0.0,0
2026-10-08T11:15,S2,767.0,,0.0,0
2026-10-08T11:30,S2,788.0,,0.0,0
2026-10-08T11:45,S2,805.0,,0.0,0
2026-10-08T12:00,S2,818.0,,0.0,0
2026-10-08T12:15,S2,826.0,,0.0,0
2026-10-08T12:30,S2,829.0,,0.0,0
2026-10-08T12:45,S2,828.0,,0.0,0
2026-10-08T13:00,S2,822.0,,0.0,0
2026-10-08T13:15,S2,812.0,,0.0,0
2026-10-08T13:30,S2,797.0,,0.0,0
2026-10-08T13:45,S2,778.0,,0.0,0
2026-10-08T14:00,S2,755.0,,0.0,0
2026-10-08T14:15,S2,727.0,,0.0,0
2026-10-08T14:30,S2,695.0,,0.0,0
2026-10-08T14:45,S2,660.0,,0.0,0
2026-10-08T15:00,S2,621.0,,0.0,0
2026-10-08T15:15,S2,578.0,,0.0,0
2026-10-08T15:30,S2,533.0,,0.0,0
2026-10-08T15:45,S2,485.0,,0.0,0
2026-10-08T16:00,S2,434.0,,0.0,0
2026-10-08T16:15,S2,382.0,,0.0,0
2026-10-08T16:30,S2,328.0,,0.0,0
2026-10-08T16:45,S2,275.0,,0.0,0
2026-10-08T17:00,S2,222.0,,0.0,0
2026-10-08T17:15,S2,171.0,,0.0,0
2026-10-08T17:30,S2,122.0,,0.0,0
2026-10-08T17:45,S2,78.0,,0.0,0
2026-10-08T18:00,S2,41.0,,0.0,0
2026-10-08T18:15,S2,11.0,,0.0,0
2026-10-08T18:30,S2,0.0,,0.0,0
2026-10-08T18:45,S2,0.0,,0.0,0
2026-10-08T19:00,S2,0.0,,0.0,0
2026-10-08T19:15,S2,0.0,,0.0,0
2026-10-08T19:30,S2,0.0,,0.0,0
2026-10-08T19:45,S2,0.0,,0.0,0
2026-10-08T20:00,S2,0.0,,0.0,0
2026-10-08T20:15,S2,0.0,,0.0,0
2026-10-08T20:30,S2,0.0,,0.0,0
2026-10-08T20:45,S2,0.0,,0.0,0
2026-10-08T21:00,S2,0.0,,0.0,0
2026-10-08T21:15,S2,0.0,,0.0,0
2026-10-08T21:30,S2,0.0,,0.0,0
2026-10-08T21:45,S2,0.0,,0.0,0
2026-10-08T22:00,S2,0.0,,0.0,0
2026-10-08T22:15,S2,0.0,,0.0,0
2026-10-08T22:30,S2,0.0,,0.0,0
2026-10-08T22:45,S2,0.0,,0.0,0
2026-10-08T23:00,S2,0.0,,0.0,0
2026-10-08T23:15,S2,0.0,,0.0,0
2026-10-08T23:30,S2,0.0,,0.0,0
2026-10-08T23:45,S2,0.0,,0.0,0
2026-10-08T00:00,S3,0.0,,1.0,0
2026-10-08T00:15,S3,0.0,,1.0,0
2026-10-08T00:30,S3,0.0,,1.0,0
2026-10-08T00:45,S3,0.0,,1.0,0
2026-10-08T01:00,S3,0.0,,1.0,0
2026-10-08T01:15,S3,0.0,,1.0,0
2026-10-08T01:30,S3,0.0,,1.0,0
2026-10-08T01:45,S3,0.0,,1.0,0
2026-10-08T02:00,S3,0.0,,1.0,0
2026-10-08T02:15,S3,0.0,,0.0,0
2026-10-08T02:30,S3,0.0,,0.0,0
2026-10-08T02:45,S3,0.0,,0.0,0
2026-10-08T03:00,S3,0.0,,0.0,0
2026-10-08T03:15,S3,0.0,,0.0,0
2026-10-08T03:30,S3,0.0,,0.0,0
2026-10-08T03:45,S3,0.0,,0.0,0
2026-10-08T04:00,S3,0.0,,0.0,0
2026-10-08T04:15,S3,0.0,,0.0,0
2026-10-08T04:30,S3,0.0,,0.0,0
2026-10-08T04:45,S3,0.0,,0.0,0
2026-10-08T05:00,S3,0.0,,0.0,0
2026-10-08T05:15,S3,0.0,,0.0,0
2026-10-08T05:30,S3,0.0,,0.0,0
2026-10-08T05:45,S3,0.0,,0.0,0
2026-10-08T06:00,S3,0.0,,0.0,0
2026-10-08T06:15,S3,0.0,,0.0,0
2026-10-08T06:30,S3,0.0,,0.0,0
2026-10-08T06:45,S3,0.0,,0.0,0
2026-10-08T07:00,S3,13.0,,0.0,0
2026-10-08T07:15,S3,43.0,,0.0,0
2026-10-08T07:30,S3,79.0,,0.0,0
2026-10-08T07:45,S3,123.0,,0.0,0
2026-10-08T08:00,S3,173.0,,0.0,0
2026-10-08T08:15,S3,225.0,,0.0,0
2026-10-08T08:30,S3,278.0,,0.0,0
2026-10-08T08:45,S3,333.0,,0.0,0
2026-10-08T09:00,S3,387.0,,0.0,0
2026-10-08T09:15,S3,441.0,,0.0,0
2026-10-08T09:30,S3,492.0,,0.0,0
2026-10-08T09:45,S3,540.0,,0.0,0
2026-10-08T10:00,S3,585.0,,0.0,0
2026-10-08T10:15,S3,628.0,,0.0,0
2026-10-08T10:30,S3,668.0,,0.0,0
2026-10-08T10:45,S3,703.0,,0.0,0
2026-10-08T11:00,S3,736.0,,0.0,0
2026-10-08T11:15,S3,764.0,,0.0,0
2026-10-08T11:30,S3,788.0,,0.0,0
2026-10-08T11:45,S3,807.0,,0.0,0
2026-10-08T12:00,S3,822.0,,0.0,0
2026-10-08T12:15,S3,833.0,,0.0,0
2026-10-08T12:30,S3,839.0,,0.0,0
2026-10-08T12:45,S3,841.0,,0.0,0
2026-10-08T13:00,S3,838.0,,0.0,0
2026-10-08T13:15,S3,830.0,,0.0,0
2026-10-08T13:30,S3,817.0,,0.0,0
2026-10-08T13:45,S3,800.0,,0.0,0
2026-10-08T14:00,S3,779.0,,0.0,0
2026-10-08T14:15,S3,753.0,,0.0,0
2026-10-08T14:30,S3,723.0,,0.0,0
2026-10-08T14:45,S3,690.0,,0.0,0
2026-10-08T15:00,S3,652.0,,0.0,0
2026-10-08T15:15,S3,611.0,,0.0,0
2026-10-08T15:30,S3,567.0,,0.0,0
2026-10-08T15:45,S3,521.0,,0.0,0
2026-10-08T16:00,S3,471.0,,0.0,0
2026-10-08T16:15,S3,419.0,,0.0,0
2026-10-08T16:30,S3,365.0,,0.0,0
2026-10-08T16:45,S3,311.0,,0.0,0
2026-10-08T17:00,S3,256.0,,1.0,0
2026-10-08T17:15,S3,203.0,,1.0,0
2026-10-08T17:30,S3,150.0,,1.0,0
2026-10-08T17:45,S3,103.0,,1.0,0
2026-10-08T18:00,S3,62.0,,1.0,0
2026-10-08T18:15,S3,29.0,,0.0,0
2026-10-08T18:30,S3,3.0,,0.0,0
2026-10-08T18:45,S3,0.0,,0.0,0
2026-10-08T19:00,S3,0.0,,0.0,0
2026-10-08T19:15,S3,0.0,,0.0,0
2026-10-08T19:30,S3,0.0,,0.0,0
2026-10-08T19:45,S3,0.0,,0.0,0
2026-10-08T20:00,S3,0.0,,0.0,0
2026-10-08T20:15,S3,0.0,,0.0,0
2026-10-08T20:30,S3,0.0,,0.0,0
2026-10-08T20:45,S3,0.0,,0.0,0
2026-10-08T21:00,S3,0.0,,0.0,0
2026-10-08T21:15,S3,0.0,,0.0,0
2026-10-08T21:30,S3,0.0,,0.0,0
2026-10-08T21:45,S3,0.0,,0.0,0
2026-10-08T22:00,S3,0.0,,0.0,0
2026-10-08T22:15,S3,0.0,,0.0,0
2026-10-08T22:30,S3,0.0,,0.0,0
2026-10-08T22:45,S3,0.0,,0.0,0
2026-10-08T23:00,S3,0.0,,0.0,0
2026-10-08T23:15,S3,0.0,,0.0,0
2026-10-08T23:30,S3,0.0,,0.0,0
2026-10-08T23:45,S3,0.0,,0.0,0
2026-10-08T00:00,S4,0.0,,0.0,0
2026-10-08T00:15,S4,0.0,,0.0,0
2026-10-08T00:30,S4,0.0,,0.0,0
2026-10-08T00:45,S4,0.0,,0.0,0
2026-10-08T01:00,S4,0.0,,0.0,0
2026-10-08T01:15,S4,0.0,,0.0,0
2026-10-08T01:30,S4,0.0,,0.0,0
2026-10-08T01:45,S4,0.0,,0.0,0
2026-10-08T02:00,S4,0.0,,0.0,0
2026-10-08T02:15,S4,0.0,,0.0,0
2026-10-08T02:30,S4,0.0,,0.0,0
2026-10-08T02:45,S4,0.0,,0.0,0
2026-10-08T03:00,S4,0.0,,0.0,0
2026-10-08T03:15,S4,0.0,,0.0,0
2026-10-08T03:30,S4,0.0,,0.0,0
2026-10-08T03:45,S4,0.0,,0.0,0
2026-10-08T04:00,S4,0.0,,0.0,0
2026-10-08T04:15,S4,0.0,,0.0,0
2026-10-08T04:30,S4,0.0,,0.0,0
2026-10-08T04:45,S4,0.0,,0.0,0
2026-10-08T05:00,S4,0.0,,0.0,0
2026-10-08T05:15,S4,0.0,,0.0,0
2026-10-08T05:30,S4,0.0,,0.0,0
2026-10-08T05:45,S4,0.0,,0.0,0
2026-10-08T06:00,S4,0.0,,0.0,0
2026-10-08T06:15,S4,0.0,,0.0,0
2026-10-08T06:30,S4,0.0,,0.0,0
2026-10-08T06:45,S4,0.0,,0.0,0
2026-10-08T07:00,S4,18.0,,0.0,0
2026-10-08T07:15,S4,50.0,,0.0,0
2026-10-08T07:30,S4,88.0,,0.0,0
2026-10-08T07:45,S4,133.0,,0.0,0
2026-10-08T08:00,S4,184.0,,0.0,0
2026-10-08T08:15,S4,237.0,,0.0,0
2026-10-08T08:30,S4,291.0,,0.0,0
2026-10-08T08:45,S4,346.0,,0.0,0
2026-10-08T09:00,S4,400.0,,0.0,0
2026-10-08T09:15,S4,454.0,,0.0,0
2026-10-08T09:30,S4,505.0,,0.0,0
2026-10-08T09:45,S4,554.0,,0.0,0
2026-10-08T10:00,S4,601.0,,0.0,0
2026-10-08T10:15,S4,644.0,,0.0,0
2026-10-08T10:30,S4,684.0,,0.0,0
2026-10-08T10:45,S4,720.0,,0.0,0
2026-10-08T11:00,S4,752.0,,0.0,0
2026-10-08T11:15,S4,780.0,,0.0,0
2026-10-08T11:30,S4,804.0,,0.0,0
2026-10-08T11:45,S4,823.0,,0.0,0
2026-10-08T12:00,S4,838.0,,0.0,0
2026-10-08T12:15,S4,848.0,,0.0,0
2026-10-08T12:30,S4,854.0,,0.0,0
2026-10-08T12:45,S4,855.0,,0.0,0
2026-10-08T13:00,S4,851.0,,0.0,0
2026-10-08T13:15,S4,843.0,,0.0,0
2026-10-08T13:30,S4,830.0,,0.0,0
2026-10-08T13:45,S4,812.0,,0.0,0
2026-10-08T14:00,S4,790.0,,0.0,0
2026-10-08T14:15,S4,763.0,,0.0,0
2026-10-08T14:30,S4,733.0,,0.0,0
2026-10-08T14:45,S4,699.0,,0.0,0
2026-10-08T15:00,S4,660.0,,0.0,0
2026-10-08T15:15,S4,619.0,,0.0,0
2026-10-08T15:30,S4,574.0,,0.0,0
2026-10-08T15:45,S4,527.0,,0.0,0
2026-10-08T16:00,S4,477.0,,0.0,0
2026-10-08T16:15,S4,424.0,,0.0,0
2026-10-08T16:30,S4,369.0,,0.0,0
2026-10-08T16:45,S4,314.0,,0.0,0
2026-10-08T17:00,S4,260.0,,0.0,0
2026-10-08T17:15,S4,206.0,,0.0,0
2026-10-08T17:30,S4,152.0,,0.0,0
2026-10-08T17:45,S4,104.0,,0.0,0
2026-10-08T18:00,S4,64.0,,0.0,0
2026-10-08T18:15,S4,30.0,,0.0,0
2026-10-08T18:30,S4,3.0,,0.0,0
2026-10-08T18:45,S4,0.0,,0.0,0
2026-10-08T19:00,S4,0.0,,0.0,0
2026-10-08T19:15,S4,0.0,,0.0,0
2026-10-08T19:30,S4,0.0,,0.0,0
2026-10-08T19:45,S4,0.0,,0.0,0
2026-10-08T20:00,S4,0.0,,0.0,0
2026-10-08T20:15,S4,0.0,,0.0,0
2026-10-08T20:30,S4,0.0,,0.0,0
2026-10-08T20:45,S4,0.0,,0.0,0
2026-10-08T21:00,S4,0.0,,0.0,0
2026-10-08T21:15,S4,0.0,,0.0,0
2026-10-08T21:30,S4,0.0,,0.0,0
2026-10-08T21:45,S4,0.0,,0.0,0
2026-10-08T22:00,S4,0.0,,0.0,0
2026-10-08T22:15,S4,0.0,,0.0,0
2026-10-08T22:30,S4,0.0,,0.0,0
2026-10-08T22:45,S4,0.0,,0.0,0
2026-10-08T23:00,S4,0.0,,0.0,0
2026-10-08T23:15,S4,0.0,,0.0,0
2026-10-08T23:30,S4,0.0,,0.0,0
2026-10-08T23:45,S4,0.0,,0.0,0
2026-10-08T00:00,S5,0.0,,0.0,0
2026-10-08T00:15,S5,0.0,,0.0,0
2026-10-08T00:30,S5,0.0,,0.0,0
2026-10-08T00:45,S5,0.0,,0.0,0
2026-10-08T01:00,S5,0.0,,0.0,0
2026-10-08T01:15,S5,0.0,,0.0,0
2026-10-08T01:30,S5,0.0,,0.0,0
2026-10-08T01:45,S5,0.0,,0.0,0
2026-10-08T02:00,S5,0.0,,0.0,0
2026-10-08T02:15,S5,0.0,,0.0,0
2026-10-08T02:30,S5,0.0,,0.0,0
2026-10-08T02:45,S5,0.0,,0.0,0
2026-10-08T03:00,S5,0.0,,0.0,0
2026-10-08T03:15,S5,0.0,,0.0,0
2026-10-08T03:30,S5,0.0,,0.0,0
2026-10-08T03:45,S5,0.0,,0.0,0
2026-10-08T04:00,S5,0.0,,0.0,0
2026-10-08T04:15,S5,0.0,,0.0,0
2026-10-08T04:30,S5,0.0,,0.0,0
2026-10-08T04:45,S5,0.0,,0.0,0
2026-10-08T05:00,S5,0.0,,0.0,0
2026-10-08T05:15,S5,0.0,,0.0,0
2026-10-08T05:30,S5,0.0,,0.0,0
2026-10-08T05:45,S5,0.0,,0.0,0
2026-10-08T06:00,S5,0.0,,0.0,0
2026-10-08T06:15,S5,0.0,,0.0,0
2026-10-08T06:30,S5,0.0,,0.0,0
2026-10-08T06:45,S5,3.0,,0.0,0
2026-10-08T07:00,S5,27.0,,0.0,0
2026-10-08T07:15,S5,60.0,,0.0,0
2026-10-08T07:30,S5,99.0,,0.0,0
2026-10-08T07:45,S5,145.0,,0.0,0
2026-10-08T08:00,S5,196.0,,0.0,0
2026-10-08T08:15,S5,249.0,,0.0,0
2026-10-08T08:30,S5,302.0,,0.0,0
2026-10-08T08:45,S5,356.0,,0.0,0
2026-10-08T09:00,S5,409.0,,0.0,0
2026-10-08T09:15,S5,461.0,,0.0,0
2026-10-08T09:30,S5,511.0,,0.0,0
2026-10-08T09:45,S5,559.0,,0.0,0
2026-10-08T10:00,S5,603.0,,0.0,0
2026-10-08T10:15,S5,645.0,,0.0,0
2026-10-08T10:30,S5,684.0,,0.0,0
2026-10-08T10:45,S5,718.0,,0.0,0
2026-10-08T11:00,S5,748.0,,0.0,0
2026-10-08T11:15,S5,775.0,,0.0,0
2026-10-08T11:30,S5,798.0,,0.0,0
2026-10-08T11:45,S5,816.0,,0.0,0
2026-10-08T12:00,S5,830.0,,0.0,0
2026-10-08T12:15,S5,840.0,,0.0,0
2026-10-08T12:30,S5,845.0,,0.0,0
2026-10-08T12:45,S5,846.0,,0.0,0
2026-10-08T13:00,S5,841.0,,1.0,0
2026-10-08T13:15,S5,828.0,,2.0,0
2026-10-08T13:30,S5,810.0,,4.0,0
2026-10-08T13:45,S5,786.0,,8.0,0
2026-10-08T14:00,S5,756.0,,13.0,0
2026-10-08T14:15,S5,719.0,,17.0,0
2026-10-08T14:30,S5,673.0,,20.0,1
2026-10-08T14:45,S5,624.0,,20.0,1
2026-10-08T15:00,S5,578.0,,18.0,0
2026-10-08T15:15,S5,538.0,,16.0,0
2026-10-08T15:30,S5,504.0,,13.0,0
2026-10-08T15:45,S5,471.0,,11.0,0
2026-10-08T16:00,S5,433.0,,8.0,0
2026-10-08T16:15,S5,388.0,,5.0,0
2026-10-08T16:30,S5,338.0,,3.0,0
2026-10-08T16:45,S5,288.0,,2.0,0
2026-10-08T17:00,S5,237.0,,2.0,0
2026-10-08T17:15,S5,187.0,,2.0,0
2026-10-08T17:30,S5,137.0,,2.0,0
2026-10-08T17:45,S5,93.0,,2.0,0
2026-10-08T18:00,S5,55.0,,2.0,0
2026-10-08T18:15,S5,23.0,,2.0,0
2026-10-08T18:30,S5,1.0,,2.0,0
2026-10-08T18:45,S5,0.0,,2.0,0
2026-10-08T19:00,S5,0.0,,2.0,0
2026-10-08T19:15,S5,0.0,,1.0,0
2026-10-08T19:30,S5,0.0,,1.0,0
2026-10-08T19:45,S5,0.0,,1.0,0
2026-10-08T20:00,S5,0.0,,0.0,0
2026-10-08T20:15,S5,0.0,,0.0,0
2026-10-08T20:30,S5,0.0,,0.0,0
2026-10-08T20:45,S5,0.0,,0.0,0
2026-10-08T21:00,S5,0.0,,1.0,0
2026-10-08T21:15,S5,0.0,,1.0,0
2026-10-08T21:30,S5,0.0,,1.0,0
2026-10-08T21:45,S5,0.0,,1.0,0
2026-10-08T22:00,S5,0.0,,1.0,0
2026-10-08T22:15,S5,0.0,,0.0,0
2026-10-08T22:30,S5,0.0,,0.0,0
2026-10-08T22:45,S5,0.0,,0.0,0
2026-10-08T23:00,S5,0.0,,0.0,0
2026-10-08T23:15,S5,0.0,,1.0,0
2026-10-08T23:30,S5,0.0,,1.0,0
2026-10-08T23:45,S5,0.0,,1.0,0
2026-10-08T00:00,W1,,4.19,,0
2026-10-08T00:15,W1,,4.05,,0
2026-10-08T00:30,W1,,3.94,,0
2026-10-08T00:45,W1,,3.9,,0
2026-10-08T01:00,W1,,3.97,,0
2026-10-08T01:15,W1,,3.97,,0
2026-10-08T01:30,W1,,4.02,,0
2026-10-08T01:45,W1,,4.01,,0
2026-10-08T02:00,W1,,4.01,,0
2026-10-08T02:15,W1,,3.98,,0
2026-10-08T02:30,W1,,3.98,,0
2026-10-08T02:45,W1,,4.01,,0
2026-10-08T03:00,W1,,4.08,,0
2026-10-08T03:15,W1,,4.15,,0
2026-10-08T03:30,W1,,4.18,,0
2026-10-08T03:45,W1,,4.21,,0
2026-10-08T04:00,W1,,4.21,,0
2026-10-08T04:15,W1,,4.17,,0
2026-10-08T04:30,W1,,4.17,,0
2026-10-08T04:45,W1,,4.18,,0
2026-10-08T05:00,W1,,4.12,,0
2026-10-08T05:15,W1,,4.13,,0
2026-10-08T05:30,W1,,4.14,,0
2026-10-08T05:45,W1,,4.14,,0
2026-10-08T06:00,W1,,4.2,,0
2026-10-08T06:15,W1,,4.26,,0
2026-10-08T06:30,W1,,4.26,,0
2026-10-08T06:45,W1,,4.29,,0
2026-10-08T07:00,W1,,4.32,,0
2026-10-08T07:15,W1,,4.28,,0
2026-10-08T07:30,W1,,4.24,,0
2026-10-08T07:45,W1,,4.1,,0
2026-10-08T08:00,W1,,3.89,,0
2026-10-08T08:15,W1,,3.68,,0
2026-10-08T08:30,W1,,3.47,,0
2026-10-08T08:45,W1,,3.33,,0
2026-10-08T09:00,W1,,3.19,,0
2026-10-08T09:15,W1,,3.05,,0
2026-10-08T09:30,W1,,2.87,,0
2026-10-08T09:45,W1,,2.71,,0
2026-10-08T10:00,W1,,2.51,,0
2026-10-08T10:15,W1,,2.33,,0
2026-10-08T10:30,W1,,2.24,,0
2026-10-08T10:45,W1,,2.15,,0
2026-10-08T11:00,W1,,2.14,,0
2026-10-08T11:15,W1,,2.19,,0
2026-10-08T11:30,W1,,2.21,,0
2026-10-08T11:45,W1,,2.25,,0
2026-10-08T12:00,W1,,2.31,,0
2026-10-08T12:15,W1,,2.45,,0
2026-10-08T12:30,W1,,2.61,,0
2026-10-08T12:45,W1,,2.82,,0
2026-10-08T13:00,W1,,3.05,,0
2026-10-08T13:15,W1,,3.31,,0
2026-10-08T13:30,W1,,3.6,,0
2026-10-08T13:45,W1,,3.91,,0
2026-10-08T14:00,W1,,4.3,,0
2026-10-08T14:15,W1,,4.64,,0
2026-10-08T14:30,W1,,4.92,,0
2026-10-08T14:45,W1,,5.09,,0
2026-10-08T15:00,W1,,5.2,,0
2026-10-08T15:15,W1,,5.27,,0
2026-10-08T15:30,W1,,5.29,,0
2026-10-08T15:45,W1,,5.26,,0
2026-10-08T16:00,W1,,5.19,,0
2026-10-08T16:15,W1,,5.12,,0
2026-10-08T16:30,W1,,5.11,,0
2026-10-08T16:45,W1,,5.2,,0
2026-10-08T17:00,W1,,5.29,,0
2026-10-08T17:15,W1,,5.43,,0
2026-10-08T17:30,W1,,5.57,,0
2026-10-08T17:45,W1,,5.72,,0
2026-10-08T18:00,W1,,5.92,,0
2026-10-08T18:15,W1,,6.12,,0
2026-10-08T18:30,W1,,6.21,,0
2026-10-08T18:45,W1,,6.25,,0
2026-10-08T19:00,W1,,6.17,,0
2026-10-08T19:15,W1,,6.11,,0
2026-10-08T19:30,W1,,6.01,,0
2026-10-08T19:45,W1,,5.9,,0
2026-10-08T20:00,W1,,5.75,,0
2026-10-08T20:15,W1,,5.6,,0
2026-10-08T20:30,W1,,5.45,,0
2026-10-08T20:45,W1,,5.35,,0
2026-10-08T21:00,W1,,5.21,,0
2026-10-08T21:15,W1,,5.12,,0
2026-10-08T21:30,W1,,5.07,,0
2026-10-08T21:45,W1,,5.09,,0
2026-10-08T22:00,W1,,5.15,,0
2026-10-08T22:15,W1,,5.21,,0
2026-10-08T22:30,W1,,5.27,,0
2026-10-08T22:45,W1,,5.32,,0
2026-10-08T23:00,W1,,5.4,,0
2026-10-08T23:15,W1,,5.49,,0
2026-10-08T23:30,W1,,5.53,,0
2026-10-08T23:45,W1,,5.57,,0
2026-10-08T00:00,W2,,4.76,,51
2026-10-08T00:15,W2,,4.69,,51
2026-10-08T00:30,W2,,4.63,,51
2026-10-08T00:45,W2,,4.58,,51
2026-10-08T01:00,W2,,4.53,,51
2026-10-08T01:15,W2,,4.52,,51
2026-10-08T01:30,W2,,4.59,,51
2026-10-08T01:45,W2,,4.71,,3
2026-10-08T02:00,W2,,4.86,,3
2026-10-08T02:15,W2,,4.98,,3
2026-10-08T02:30,W2,,5.06,,3
2026-10-08T02:45,W2,,5.04,,3
2026-10-08T03:00,W2,,4.93,,3
2026-10-08T03:15,W2,,4.82,,3
2026-10-08T03:30,W2,,4.76,,3
2026-10-08T03:45,W2,,4.83,,51
2026-10-08T04:00,W2,,5.01,,51
2026-10-08T04:15,W2,,5.19,,51
2026-10-08T04:30,W2,,5.25,,51
2026-10-08T04:45,W2,,5.13,,3
2026-10-08T05:00,W2,,4.9,,3
2026-10-08T05:15,W2,,4.7,,3
2026-10-08T05:30,W2,,4.57,,3
2026-10-08T05:45,W2,,4.53,,3
2026-10-08T06:00,W2,,4.56,,3
2026-10-08T06:15,W2,,4.63,,3
2026-10-08T06:30,W2,,4.6,,3
2026-10-08T06:45,W2,,4.4,,3
2026-10-08T07:00,W2,,4.07,,3
2026-10-08T07:15,W2,,3.8,,3
2026-10-08T07:30,W2,,3.71,,3
2026-10-08T07:45,W2,,3.94,,3
2026-10-08T08:00,W2,,4.32,,3
2026-10-08T08:15,W2,,4.76,,3
2026-10-08T08:30,W2,,5.15,,3
2026-10-08T08:45,W2,,5.49,,3
2026-10-08T09:00,W2,,5.86,,3
2026-10-08T09:15,W2,,6.18,,3
2026-10-08T09:30,W2,,6.44,,3
2026-10-08T09:45,W2,,6.58,,51
2026-10-08T10:00,W2,,6.65,,51
2026-10-08T10:15,W2,,6.61,,51
2026-10-08T10:30,W2,,6.51,,51
2026-10-08T10:45,W2,,6.37,,3
2026-10-08T11:00,W2,,6.07,,3
2026-10-08T11:15,W2,,5.88,,3
2026-10-08T11:30,W2,,5.72,,3
2026-10-08T11:45,W2,,5.75,,3
2026-10-08T12:00,W2,,5.91,,3
2026-10-08T12:15,W2,,6.03,,3
2026-10-08T12:30,W2,,5.94,,3
2026-10-08T12:45,W2,,5.66,,3
2026-10-08T13:00,W2,,5.29,,3
2026-10-08T13:15,W2,,4.79,,3
2026-10-08T13:30,W2,,4.08,,3
2026-10-08T13:45,W2,,3.05,,95
2026-10-08T14:00,W2,,2.45,,95
2026-10-08T14:15,W2,,3.07,,95
2026-10-08T14:30,W2,,3.67,,95
2026-10-08T14:45,W2,,3.27,,95
2026-10-08T15:00,W2,,2.37,,95
2026-10-08T15:15,W2,,2.01,,95
2026-10-08T15:30,W2,,2.41,,95
2026-10-08T15:45,W2,,2.64,,81
2026-10-08T16:00,W2,,2.62,,81
2026-10-08T16:15,W2,,2.44,,81
2026-10-08T16:30,W2,,2.24,,81
2026-10-08T16:45,W2,,2.08,,51
2026-10-08T17:00,W2,,1.87,,51
2026-10-08T17:15,W2,,1.68,,51
2026-10-08T17:30,W2,,1.43,,51
2026-10-08T17:45,W2,,0.92,,3
2026-10-08T18:00,W2,,0.21,,3
2026-10-08T18:15,W2,,0.55,,3
2026-10-08T18:30,W2,,0.84,,3
2026-10-08T18:45,W2,,0.64,,51
2026-10-08T19:00,W2,,0.73,,51
2026-10-08T19:15,W2,,1.42,,51
2026-10-08T19:30,W2,,2.17,,51
2026-10-08T19:45,W2,,2.98,,2
2026-10-08T20:00,W2,,3.91,,2
2026-10-08T20:15,W2,,4.73,,3
2026-10-08T20:30,W2,,5.24,,3
2026-10-08T20:45,W2,,5.32,,3
2026-10-08T21:00,W2,,5.09,,3
2026-10-08T21:15,W2,,4.79,,3
2026-10-08T21:30,W2,,4.55,,3
2026-10-08T21:45,W2,,4.43,,3
2026-10-08T22:00,W2,,4.32,,3
2026-10-08T22:15,W2,,4.22,,3
2026-10-08T22:30,W2,,4.15,,3
2026-10-08T22:45,W2,,4.09,,3
2026-10-08T23:00,W2,,4.01,,3
2026-10-08T23:15,W2,,3.98,,3
2026-10-08T23:30,W2,,3.98,,3
2026-10-08T23:45,W2,,4.1,,3
2026-10-08T00:00,W3,,3.78,,0
2026-10-08T00:15,W3,,3.71,,0
2026-10-08T00:30,W3,,3.65,,0
2026-10-08T00:45,W3,,3.63,,0
2026-10-08T01:00,W3,,3.57,,0
2026-10-08T01:15,W3,,3.55,,0
2026-10-08T01:30,W3,,3.54,,0
2026-10-08T01:45,W3,,3.52,,0
2026-10-08T02:00,W3,,3.54,,0
2026-10-08T02:15,W3,,3.57,,0
2026-10-08T02:30,W3,,3.6,,0
2026-10-08T02:45,W3,,3.64,,0
2026-10-08T03:00,W3,,3.62,,0
2026-10-08T03:15,W3,,3.63,,0
2026-10-08T03:30,W3,,3.66,,0
2026-10-08T03:45,W3,,3.7,,0
2026-10-08T04:00,W3,,3.71,,0
2026-10-08T04:15,W3,,3.76,,0
2026-10-08T04:30,W3,,3.81,,0
2026-10-08T04:45,W3,,3.85,,0
2026-10-08T05:00,W3,,3.9,,0
2026-10-08T05:15,W3,,3.92,,0
2026-10-08T05:30,W3,,3.97,,0
2026-10-08T05:45,W3,,4.06,,0
2026-10-08T06:00,W3,,4.15,,0
2026-10-08T06:15,W3,,4.24,,0
2026-10-08T06:30,W3,,4.34,,0
2026-10-08T06:45,W3,,4.38,,0
2026-10-08T07:00,W3,,4.49,,0
2026-10-08T07:15,W3,,4.49,,0
2026-10-08T07:30,W3,,4.48,,0
2026-10-08T07:45,W3,,4.35,,0
2026-10-08T08:00,W3,,4.14,,0
2026-10-08T08:15,W3,,3.96,,0
2026-10-08T08:30,W3,,3.82,,0
2026-10-08T08:45,W3,,3.75,,0
2026-10-08T09:00,W3,,3.74,,0
2026-10-08T09:15,W3,,3.74,,0
2026-10-08T09:30,W3,,3.74,,0
2026-10-08T09:45,W3,,3.76,,0
2026-10-08T10:00,W3,,3.74,,0
2026-10-08T10:15,W3,,3.78,,0
2026-10-08T10:30,W3,,3.78,,0
2026-10-08T10:45,W3,,3.79,,0
2026-10-08T11:00,W3,,3.8,,0
2026-10-08T11:15,W3,,3.78,,0
2026-10-08T11:30,W3,,3.81,,0
2026-10-08T11:45,W3,,3.84,,0
2026-10-08T12:00,W3,,3.91,,0
2026-10-08T12:15,W3,,3.99,,0
2026-10-08T12:30,W3,,4.12,,0
2026-10-08T12:45,W3,,4.28,,0
2026-10-08T13:00,W3,,4.49,,0
2026-10-08T13:15,W3,,4.7,,0
2026-10-08T13:30,W3,,4.85,,0
2026-10-08T13:45,W3,,4.96,,0
2026-10-08T14:00,W3,,5.04,,0
2026-10-08T14:15,W3,,5.08,,0
2026-10-08T14:30,W3,,5.12,,0
2026-10-08T14:45,W3,,5.15,,0
2026-10-08T15:00,W3,,5.23,,0
2026-10-08T15:15,W3,,5.26,,0
2026-10-08T15:30,W3,,5.26,,0
2026-10-08T15:45,W3,,5.19,,0
2026-10-08T16:00,W3,,5.03,,0
2026-10-08T16:15,W3,,4.92,,0
2026-10-08T16:30,W3,,4.81,,0
2026-10-08T16:45,W3,,4.77,,0
2026-10-08T17:00,W3,,4.74,,0
2026-10-08T17:15,W3,,4.71,,0
2026-10-08T17:30,W3,,4.68,,0
2026-10-08T17:45,W3,,4.61,,0
2026-10-08T18:00,W3,,4.55,,0
2026-10-08T18:15,W3,,4.49,,0
2026-10-08T18:30,W3,,4.43,,0
2026-10-08T18:45,W3,,4.41,,0
2026-10-08T19:00,W3,,4.38,,0
2026-10-08T19:15,W3,,4.4,,0
2026-10-08T19:30,W3,,4.4,,0
2026-10-08T19:45,W3,,4.42,,0
2026-10-08T20:00,W3,,4.41,,0
2026-10-08T20:15,W3,,4.44,,0
2026-10-08T20:30,W3,,4.43,,0
2026-10-08T20:45,W3,,4.36,,0
2026-10-08T21:00,W3,,4.26,,0
2026-10-08T21:15,W3,,4.19,,0
2026-10-08T21:30,W3,,4.16,,0
2026-10-08T21:45,W3,,4.23,,0
2026-10-08T22:00,W3,,4.33,,0
2026-10-08T22:15,W3,,4.47,,0
2026-10-08T22:30,W3,,4.57,,0
2026-10-08T22:45,W3,,4.64,,0
2026-10-08T23:00,W3,,4.64,,0
2026-10-08T23:15,W3,,4.67,,0
2026-10-08T23:30,W3,,4.66,,0
2026-10-08T23:45,W3,,4.65,,0
